<?xml version="1.0" encoding="UTF-8"?>
<project-private xmlns="http://www.netbeans.org/ns/project-private/1">
    <editor-bookmarks xmlns="http://www.netbeans.org/ns/editor-bookmarks/2" lastBookmarkId="0"/>
    <open-files xmlns="http://www.netbeans.org/ns/projectui-open-files/2">
        <group>
            <file>file:/C:/Users/Nicolás/Desktop/Pacman/src/pacman/Principal.java</file>
            <file>file:/C:/Users/Nicolás/Desktop/Pacman/src/pacman/Tablero.java</file>
            <file>file:/C:/Users/Nicolás/Desktop/Pacman/src/pacman/Cuadrante.java</file>
            <file>file:/C:/Users/Nicolás/Desktop/Pacman/src/pacman/Sound.java</file>
            <file>file:/C:/Users/Nicolás/Desktop/Pacman/src/pacman/Personaje.java</file>
            <file>file:/C:/Users/Nicolás/Desktop/Pacman/src/pacman/Fantasma.java</file>
            <file>file:/C:/Users/Nicolás/Desktop/Pacman/src/pacman/Pacman.java</file>
        </group>
    </open-files>
</project-private>
